Landkreis	Bundesland	Population	Cases	Deaths	Cases_Per_Million	Deaths_Per_Million	DIVI_Intensivstationen_Covid_Prozent	DIVI_Intensivstationen_Betten_belegt_Prozent	DoublingTime_Cases_Last_Week_Per_100000
Flensburg (Kreisfreie Stadt)	Schleswig-Holstein	90164	2244	39	24887	432	2.4	78.6	
Kiel (Kreisfreie Stadt)	Schleswig-Holstein	246794	5326	99	21580	401	4.3	62.2	
Lübeck (Kreisfreie Stadt)	Schleswig-Holstein	216530	5635	99	26024	457	5.2	73.3	22.7
Neumünster (Kreisfreie Stadt)	Schleswig-Holstein	80196	1808	23	22544	286	0.0	88.0	
Dithmarschen (Kreis)	Schleswig-Holstein	133193	1945	47	14602	352	7.9	92.1	
Herzogtum Lauenburg (Kreis)	Schleswig-Holstein	198019	5089	109	25699	550	5.3	89.5	
Nordfriesland (Kreis)	Schleswig-Holstein	165951	2678	80	16137	482	0.0	66.7	
Ostholstein (Kreis)	Schleswig-Holstein	200539	3312	84	16515	418	2.0	84.3	
Pinneberg (Kreis)	Schleswig-Holstein	316103	10307	358	32606	1132	6.5	96.8	
Plön (Kreis)	Schleswig-Holstein	128686	1343	31	10436	240	33.3	75.0	
Rendsburg-Eckernförde (Kreis)	Schleswig-Holstein	274098	4010	55	14629	200	2.4	73.8	
Schleswig-Flensburg (Kreis)	Schleswig-Holstein	201156	2857	61	14202	303	0.0	87.5	
Segeberg (Kreis)	Schleswig-Holstein	277175	6751	158	24356	570	2.3	70.9	
Steinburg (Kreis)	Schleswig-Holstein	131013	2325	37	17746	282	2.3	60.5	
Stormarn (Kreis)	Schleswig-Holstein	244156	6888	296	28211	1212	10.0	73.3	
Regionalverband Saarbrücken (Landkreis)	Saarland	328714	15402	458	46855	1393	10.4	83.0	
Merzig-Wadern (Landkreis)	Saarland	103243	3422	58	33145	561	16.7	58.3	
Neunkirchen (Landkreis)	Saarland	131408	5333	112	40583	852	6.1	72.7	
Saarlouis (Landkreis)	Saarland	194319	8364	149	43042	766	8.5	69.5	
Saarpfalz-Kreis (Landkreis)	Saarland	142196	4695	109	33017	766	8.2	81.0	
St. Wendel (Landkreis)	Saarland	87007	3188	110	36640	1264	7.1	71.4	
Berlin Reinickendorf (Bezirk)	Berlin	259689	13714	287	52809	1105	15.6	85.0	
Berlin Charlottenburg-Wilmersdorf (Bezirk)	Berlin	334401	15047	277	44996	828	15.6	85.0	
Berlin Treptow-Köpenick (Bezirk)	Berlin	266488	9732	212	36519	795	15.6	85.0	
Berlin Pankow (Bezirk)	Berlin	398036	15008	212	37705	532	15.6	85.0	
Berlin Neukölln (Bezirk)	Berlin	321123	20800	413	64772	1286	15.6	85.0	
Berlin Lichtenberg (Bezirk)	Berlin	286522	11913	250	41577	872	15.6	85.0	
Berlin Marzahn-Hellersdorf (Bezirk)	Berlin	262967	10818	244	41138	927	15.6	85.0	
Berlin Spandau (Bezirk)	Berlin	239019	13495	253	56459	1058	15.6	85.0	
Berlin Steglitz-Zehlendorf (Bezirk)	Berlin	302177	12599	373	41694	1234	15.6	85.0	
Berlin Mitte (Bezirk)	Berlin	375238	22303	291	59436	775	15.6	85.0	
Berlin Friedrichshain-Kreuzberg (Bezirk)	Berlin	282059	14368	158	50939	560	15.6	85.0	
Berlin Tempelhof-Schöneberg (Bezirk)	Berlin	341772	17382	468	50858	1369	15.6	85.0	
Brandenburg an der Havel (Kreisfreie Stadt)	Brandenburg	72184	2291	82	31738	1135	7.7	78.5	
Cottbus (Kreisfreie Stadt)	Brandenburg	99678	5878	204	58969	2046	10.9	78.2	
Frankfurt (Oder) (Kreisfreie Stadt)	Brandenburg	57751	2219	107	38423	1852	35.7	78.6	
Potsdam (Kreisfreie Stadt)	Brandenburg	180334	7045	239	39066	1325	11.1	81.9	
Barnim (Landkreis)	Brandenburg	185244	6040	221	32605	1193	3.2	85.5	
Dahme-Spreewald (Landkreis)	Brandenburg	170791	6997	246	40968	1440	5.3	97.4	
Elbe-Elster (Landkreis)	Brandenburg	101827	7062	243	69352	2386	11.1	55.6	
Havelland (Landkreis)	Brandenburg	162996	6179	180	37908	1104	14.3	71.4	
Märkisch-Oderland (Landkreis)	Brandenburg	195751	6889	274	35192	1399	21.7	87.0	
Oberhavel (Landkreis)	Brandenburg	212914	8290	267	38935	1254	11.4	85.7	
Oberspreewald-Lausitz (Landkreis)	Brandenburg	109371	7309	264	66827	2413	6.7	100.0	
Oder-Spree (Landkreis)	Brandenburg	178803	8144	308	45547	1722	9.5	73.0	
Ostprignitz-Ruppin (Landkreis)	Brandenburg	98861	4135	151	41826	1527	5.9	90.2	
Potsdam-Mittelmark (Landkreis)	Brandenburg	216566	7807	199	36049	918	10.6	93.9	
Prignitz (Landkreis)	Brandenburg	76158	3217	162	42241	2127	7.1	71.4	
Spree-Neiße (Landkreis)	Brandenburg	113720	7577	187	66628	1644	10.0	75.0	38.9
Teltow-Fläming (Landkreis)	Brandenburg	169997	6779	203	39877	1194	0.0	100.0	
Uckermark (Landkreis)	Brandenburg	118947	3880	161	32619	1353	3.1	71.9	
Rostock (Kreisfreie Stadt)	Mecklenburg-Vorpommern	209191	3081	37	14728	176	8.8	83.2	
Schwerin (Kreisfreie Stadt)	Mecklenburg-Vorpommern	95653	2677	106	27986	1108	2.6	81.8	
Mecklenburgische Seenplatte (Landkreis)	Mecklenburg-Vorpommern	258074	8612	159	33370	616	11.8	90.8	
Rostock (Landkreis)	Mecklenburg-Vorpommern	215794	4464	131	20686	607	12.2	75.6	
Vorpommern-Rügen (Landkreis)	Mecklenburg-Vorpommern	224702	3855	78	17156	347	5.1	76.3	
Nordwestmecklenburg (Landkreis)	Mecklenburg-Vorpommern	157322	3822	83	24294	527	11.8	47.1	
Vorpommern-Greifswald (Landkreis)	Mecklenburg-Vorpommern	235623	9915	270	42079	1145	6.7	83.3	
Ludwigslust-Parchim (Landkreis)	Mecklenburg-Vorpommern	211779	7147	244	33747	1152	8.4	84.9	
Chemnitz (Kreisfreie Stadt)	Sachsen	246334	16832	500	68329	2029	16.8	92.9	
Erzgebirgskreis (Landkreis)	Sachsen	334948	31320	832	93507	2483	48.8	89.0	
Mittelsachsen (Landkreis)	Sachsen	304099	23858	646	78454	2124	30.6	85.7	
Vogtlandkreis (Landkreis)	Sachsen	225997	18747	792	82952	3504	15.9	74.6	
Zwickau (Landkreis)	Sachsen	315002	26407	1000	83831	3174	22.5	85.3	
Dresden (Kreisfreie Stadt)	Sachsen	556780	30181	1074	54206	1928	14.9	81.7	
Bautzen (Landkreis)	Sachsen	299758	26880	883	89672	2945	41.5	76.9	
Görlitz (Landkreis)	Sachsen	252725	20167	1108	79798	4384	25.4	79.4	
Meißen (Landkreis)	Sachsen	241717	17081	586	70665	2424	23.8	84.1	
Sächsische Schweiz-Osterzgebirge (Landkreis)	Sachsen	245586	20241	955	82419	3888	6.2	97.2	
Leipzig (Kreisfreie Stadt)	Sachsen	593145	22010	519	37107	874	11.5	83.2	
Leipzig (Landkreis)	Sachsen	258139	14547	332	56353	1286	10.3	79.3	
Nordsachsen (Landkreis)	Sachsen	197741	13400	332	67765	1678	8.3	73.3	
Dessau-Roßlau (Kreisfreie Stadt)	Sachsen-Anhalt	80103	3241	115	40460	1435	9.5	69.0	
Halle (Saale) (Kreisfreie Stadt)	Sachsen-Anhalt	238762	11525	344	48269	1440	5.0	86.0	
Magdeburg (Kreisfreie Stadt)	Sachsen-Anhalt	237565	6596	147	27765	618	4.8	90.0	
Altmarkkreis Salzwedel (Landkreis)	Sachsen-Anhalt	83173	2406	77	28927	925	13.3	60.0	
Anhalt-Bitterfeld (Landkreis)	Sachsen-Anhalt	158486	6708	163	42325	1028	12.1	66.7	
Börde (Landkreis)	Sachsen-Anhalt	170923	5969	137	34922	801	14.3	57.1	
Burgenlandkreis (Landkreis)	Sachsen-Anhalt	178846	12929	587	72291	3282	9.4	93.8	
Harz (Landkreis)	Sachsen-Anhalt	213310	8607	269	40349	1261	6.9	79.3	
Jerichower Land (Landkreis)	Sachsen-Anhalt	89589	3348	154	37370	1718	21.7	100.0	
Mansfeld-Südharz (Landkreis)	Sachsen-Anhalt	134942	6306	213	46731	1578	19.2	80.8	
Saalekreis (Landkreis)	Sachsen-Anhalt	183815	9908	320	53902	1740	22.7	81.8	
Salzlandkreis (Landkreis)	Sachsen-Anhalt	189125	8791	312	46482	1649	24.3	89.2	
Stendal (Landkreis)	Sachsen-Anhalt	111190	4697	173	42243	1555	12.5	83.3	
Wittenberg (Landkreis)	Sachsen-Anhalt	124953	6595	268	52779	2144	9.4	71.9	
Erfurt (Kreisfreie Stadt)	Thüringen	213981	8472	262	39592	1224	18.9	86.5	
Gera (Kreisfreie Stadt)	Thüringen	93125	5634	195	60499	2093	27.1	93.8	
Jena (Kreisfreie Stadt)	Thüringen	111343	4311	74	38718	664	16.0	88.8	
Suhl (Kreisfreie Stadt)	Thüringen	36789	2151	110	58468	2990	12.5	62.5	
Weimar (Kreisfreie Stadt)	Thüringen	65228	2572	100	39430	1533	7.1	85.7	
Eisenach (Kreisfreie Stadt)	Thüringen	42250	1916	70	45349	1656	8.3	70.8	
Eichsfeld (Landkreis)	Thüringen	100006	6147	232	61466	2319	11.8	70.6	
Nordhausen (Landkreis)	Thüringen	83416	2872	69	34429	827	24.1	69.0	
Wartburgkreis (Landkreis)	Thüringen	118974	8156	232	68552	1950	6.7	80.0	
Unstrut-Hainich-Kreis (Landkreis)	Thüringen	102232	6219	244	60832	2386	0.0	88.2	
Kyffhäuserkreis (Landkreis)	Thüringen	74212	3595	135	48442	1819	0.0	100.0	
Schmalkalden-Meiningen (Landkreis)	Thüringen	124916	9843	360	78796	2881	9.5	71.4	
Gotha (Landkreis)	Thüringen	134908	8432	200	62501	1482	42.1	89.5	
Sömmerda (Landkreis)	Thüringen	69427	4086	127	58853	1829	16.7	66.7	
Hildburghausen (Landkreis)	Thüringen	63197	5200	237	82282	3750	50.0	100.0	23.7
Ilm-Kreis (Landkreis)	Thüringen	106249	6383	211	60075	1985	29.4	82.4	
Weimarer Land (Landkreis)	Thüringen	82156	4073	78	49576	949	15.5	92.9	
Sonneberg (Landkreis)	Thüringen	57717	4088	158	70828	2737	14.3	71.4	
Saalfeld-Rudolstadt (Landkreis)	Thüringen	103199	6676	276	64690	2674	36.4	68.2	
Saale-Holzland-Kreis (Landkreis)	Thüringen	82950	4693	117	56576	1410	28.6	100.0	
Saale-Orla-Kreis (Landkreis)	Thüringen	80312	6338	161	78917	2004	60.0	100.0	
Greiz (Landkreis)	Thüringen	97398	7779	209	79868	2145	40.0	100.0	
Altenburger Land (Landkreis)	Thüringen	89393	6787	288	75923	3221	13.3	93.3	
Hamburg (Kreisfreie Stadt)	Hamburg	1847253	75665	1545	40960	836	10.4	82.6	
Braunschweig (Kreisfreie Stadt)	Niedersachsen	249406	6406	181	25685	725	5.3	76.5	
Salzgitter (Kreisfreie Stadt)	Niedersachsen	104291	5265	72	50483	690	17.2	82.8	
Wolfsburg (Kreisfreie Stadt)	Niedersachsen	124371	3922	83	31534	667	14.7	85.3	
Gifhorn (Landkreis)	Niedersachsen	176523	5987	182	33916	1031	20.0	100.0	
Goslar (Landkreis)	Niedersachsen	136292	2576	112	18900	821	11.5	84.6	
Helmstedt (Landkreis)	Niedersachsen	91297	2390	92	26178	1007	11.1	88.9	
Northeim (Landkreis)	Niedersachsen	132285	2529	52	19117	393	4.3	73.9	
Peine (Landkreis)	Niedersachsen	134801	5381	103	39918	764	9.5	38.1	
Wolfenbüttel (Landkreis)	Niedersachsen	119622	2825	97	23616	810	6.2	81.2	
Göttingen (Landkreis)	Niedersachsen	326041	7864	254	24119	779	21.2	83.3	
Region Hannover (Landkreis)	Niedersachsen	1157115	47575	1015	41115	877	10.3	85.2	
Diepholz (Landkreis)	Niedersachsen	217089	6840	98	31507	451	0.0	77.8	
Hameln-Pyrmont (Landkreis)	Niedersachsen	148549	4201	97	28280	652	2.7	79.5	
Hildesheim (Landkreis)	Niedersachsen	275817	8643	283	31335	1026	2.7	74.3	
Holzminden (Landkreis)	Niedersachsen	70458	1572	64	22311	908	0.0	100.0	
Nienburg (Weser) (Landkreis)	Niedersachsen	121390	3667	149	30208	1227	8.3	75.0	
Schaumburg (Landkreis)	Niedersachsen	157820	4735	71	30002	449	0.0	86.4	
Celle (Landkreis)	Niedersachsen	179011	4583	65	25601	363	0.0	77.4	
Cuxhaven (Landkreis)	Niedersachsen	198038	4567	172	23061	868	16.7	66.7	
Harburg (Landkreis)	Niedersachsen	254431	6512	112	25594	440	8.8	79.4	
Lüchow-Dannenberg (Landkreis)	Niedersachsen	48412	862	24	17805	495	0.0	100.0	
Lüneburg (Landkreis)	Niedersachsen	184139	3369	58	18295	314	10.3	82.1	
Osterholz (Landkreis)	Niedersachsen	113928	2690	60	23611	526	18.8	81.2	
Rotenburg (Wümme) (Landkreis)	Niedersachsen	163782	3947	87	24099	531	16.0	76.0	
Heidekreis (Landkreis)	Niedersachsen	140673	3350	104	23814	739	0.0	83.3	
Stade (Landkreis)	Niedersachsen	204512	5006	119	24477	581	9.4	81.2	
Uelzen (Landkreis)	Niedersachsen	92389	2169	111	23476	1201	2.6	86.8	
Verden (Landkreis)	Niedersachsen	137133	3900	56	28439	408	6.7	86.7	
Delmenhorst (Kreisfreie Stadt)	Niedersachsen	77559	3447	65	44443	838	14.3	92.9	
Emden (Kreisfreie Stadt)	Niedersachsen	49913	1214	9	24322	180	13.3	86.7	
Oldenburg (Oldb) (Kreisfreie Stadt)	Niedersachsen	169077	4182	46	24734	272	10.5	86.8	
Osnabrück (Kreisfreie Stadt)	Niedersachsen	165251	7411	98	44846	593	10.8	82.5	
Wilhelmshaven (Kreisfreie Stadt)	Niedersachsen	76089	1888	50	24813	657	3.8	73.1	
Ammerland (Landkreis)	Niedersachsen	124859	3110	63	24908	504	3.0	93.9	
Aurich (Landkreis)	Niedersachsen	189694	3553	58	18730	305	11.1	72.2	
Cloppenburg (Landkreis)	Niedersachsen	170682	10752	158	62994	925	14.3	71.4	
Emsland (Landkreis)	Niedersachsen	326954	12460	186	38109	568	6.5	68.5	
Friesland (Landkreis)	Niedersachsen	98704	1615	40	16362	405	3.0	90.9	
Grafschaft Bentheim (Landkreis)	Niedersachsen	137162	5245	120	38239	874	12.0	88.0	
Leer (Landkreis)	Niedersachsen	170756	4382	59	25662	345	6.9	72.4	
Oldenburg (Landkreis)	Niedersachsen	130890	4960	108	37894	825	0.0	85.7	
Osnabrück (Landkreis)	Niedersachsen	358080	15329	294	42808	821	0.0	78.6	
Vechta (Landkreis)	Niedersachsen	142814	8677	90	60757	630	5.9	85.3	
Wesermarsch (Landkreis)	Niedersachsen	88583	3228	108	36440	1219	7.1	85.7	
Wittmund (Landkreis)	Niedersachsen	56926	1217	34	21378	597	37.5	100.0	
Bremen (Kreisfreie Stadt)	Bremen	567559	22403	369	39472	650	22.8	89.7	
Bremerhaven (Kreisfreie Stadt)	Bremen	113643	4450	102	39157	897	8.8	75.4	
Düsseldorf (Kreisfreie Stadt)	Nordrhein-Westfalen	621877	24534	409	39451	657	13.6	92.1	
Duisburg (Kreisfreie Stadt)	Nordrhein-Westfalen	498686	28245	646	56638	1295	11.6	83.3	
Essen (Kreisfreie Stadt)	Nordrhein-Westfalen	582760	25517	569	43786	976	7.7	88.1	
Krefeld (Kreisfreie Stadt)	Nordrhein-Westfalen	227417	11352	172	49917	756	14.0	87.2	
Mönchengladbach (Kreisfreie Stadt)	Nordrhein-Westfalen	261034	10713	228	41040	873	6.7	89.9	
Mülheim an der Ruhr (Kreisfreie Stadt)	Nordrhein-Westfalen	170632	8298	226	48630	1324	26.5	97.1	
Oberhausen (Kreisfreie Stadt)	Nordrhein-Westfalen	210764	10851	343	51484	1627	10.4	83.1	
Remscheid (Kreisfreie Stadt)	Nordrhein-Westfalen	111338	6143	168	55174	1508	15.4	84.6	44.2
Solingen (Kreisfreie Stadt)	Nordrhein-Westfalen	159245	9111	186	57213	1168	24.1	89.9	
Wuppertal (Kreisfreie Stadt)	Nordrhein-Westfalen	355100	19639	473	55305	1332	17.6	77.7	
Kleve (Kreis)	Nordrhein-Westfalen	312465	11026	179	35287	572	8.3	77.8	
Mettmann (Kreis)	Nordrhein-Westfalen	485570	23722	739	48853	1521	13.0	82.6	
Rhein-Kreis Neuss (Kreis)	Nordrhein-Westfalen	451730	17704	337	39191	746	11.9	92.1	
Viersen (Kreis)	Nordrhein-Westfalen	298863	11408	300	38171	1003	17.6	82.4	
Wesel (Kreis)	Nordrhein-Westfalen	459976	17363	283	37747	615	10.3	77.8	
Bonn (Kreisfreie Stadt)	Nordrhein-Westfalen	329673	13983	238	42414	721	9.8	94.4	
Köln (Kreisfreie Stadt)	Nordrhein-Westfalen	1087863	52318	689	48092	633	19.5	92.3	
Leverkusen (Kreisfreie Stadt)	Nordrhein-Westfalen	163729	7746	94	47309	574	8.0	80.0	
Städteregion Aachen (Kreis)	Nordrhein-Westfalen	557026	26036	562	46741	1008	16.6	94.4	
Düren (Kreis)	Nordrhein-Westfalen	264638	13480	280	50937	1058	12.5	87.5	
Rhein-Erft-Kreis (Kreis)	Nordrhein-Westfalen	470615	19646	394	41745	837	12.5	86.2	
Euskirchen (Kreis)	Nordrhein-Westfalen	193656	7839	236	40478	1218	25.0	75.0	
Heinsberg (Kreis)	Nordrhein-Westfalen	255555	11363	360	44464	1408	16.2	81.1	
Oberbergischer Kreis (Kreis)	Nordrhein-Westfalen	272057	14151	233	52014	856	11.9	90.5	
Rheinisch-Bergischer Kreis (Kreis)	Nordrhein-Westfalen	283271	11050	152	39008	536	17.5	87.5	
Rhein-Sieg-Kreis (Kreis)	Nordrhein-Westfalen	600764	22800	509	37951	847	15.2	87.0	
Bottrop (Kreisfreie Stadt)	Nordrhein-Westfalen	117565	5274	107	44860	910	8.3	66.7	
Gelsenkirchen (Kreisfreie Stadt)	Nordrhein-Westfalen	259645	15140	389	58310	1498	8.4	75.8	
Münster (Kreisfreie Stadt)	Nordrhein-Westfalen	315293	8072	119	25601	377	3.5	91.3	
Borken (Kreis)	Nordrhein-Westfalen	371339	13697	255	36885	686	12.3	75.3	
Coesfeld (Kreis)	Nordrhein-Westfalen	220586	5534	92	25087	417	15.2	81.8	
Recklinghausen (Kreis)	Nordrhein-Westfalen	614137	31097	891	50635	1450	8.0	80.5	
Steinfurt (Kreis)	Nordrhein-Westfalen	448220	16770	322	37414	718	6.8	81.6	
Warendorf (Kreis)	Nordrhein-Westfalen	277840	11482	242	41325	871	17.4	80.4	
Bielefeld (Kreisfreie Stadt)	Nordrhein-Westfalen	334195	15416	333	46128	996	11.9	83.4	
Gütersloh (Kreis)	Nordrhein-Westfalen	364938	19449	307	53293	841	11.1	75.9	
Herford (Kreis)	Nordrhein-Westfalen	250578	11012	177	43946	706	11.5	80.3	
Höxter (Kreis)	Nordrhein-Westfalen	140251	4977	141	35486	1005	0.0	77.1	
Lippe (Kreis)	Nordrhein-Westfalen	347514	16793	378	48323	1087	16.0	96.0	
Minden-Lübbecke (Kreis)	Nordrhein-Westfalen	310409	14750	258	47517	831	7.2	90.9	
Paderborn (Kreis)	Nordrhein-Westfalen	307839	10133	154	32916	500	19.8	82.3	
Bochum (Kreisfreie Stadt)	Nordrhein-Westfalen	365587	15670	233	42862	637	13.8	91.5	
Dortmund (Kreisfreie Stadt)	Nordrhein-Westfalen	588250	27503	377	46753	640	9.2	93.4	
Hagen (Kreisfreie Stadt)	Nordrhein-Westfalen	188686	12055	302	63889	1600	13.8	87.4	
Hamm (Kreisfreie Stadt)	Nordrhein-Westfalen	179916	10104	195	56159	1083	7.5	78.5	
Herne (Kreisfreie Stadt)	Nordrhein-Westfalen	156449	9419	264	60204	1687	16.9	83.1	
Ennepe-Ruhr-Kreis (Kreis)	Nordrhein-Westfalen	324106	13186	354	40684	1092	3.7	77.8	
Hochsauerlandkreis (Kreis)	Nordrhein-Westfalen	259777	9499	196	36565	754	11.1	69.7	
Märkischer Kreis (Kreis)	Nordrhein-Westfalen	410222	20325	398	49546	970	13.0	83.5	
Olpe (Kreis)	Nordrhein-Westfalen	133955	5709	156	42618	1164	35.7	64.3	
Siegen-Wittgenstein (Kreis)	Nordrhein-Westfalen	276944	11398	173	41156	624	1.4	84.1	
Soest (Kreis)	Nordrhein-Westfalen	301785	8422	183	27907	606	4.9	79.3	
Unna (Kreis)	Nordrhein-Westfalen	394891	18619	481	47149	1218	14.0	93.5	
Darmstadt (Kreisfreie Stadt)	Hessen	159878	5691	147	35595	919	8.7	81.7	18.3
Frankfurt am Main (Kreisfreie Stadt)	Hessen	763380	38202	775	50043	1015	18.8	89.0	
Offenbach am Main (Kreisfreie Stadt)	Hessen	130280	9079	180	69688	1381	12.2	77.6	
Wiesbaden (Kreisfreie Stadt)	Hessen	278474	12637	263	45379	944	18.3	85.6	
Bergstraße (Landkreis)	Hessen	270340	10824	319	40038	1179	4.8	78.6	
Darmstadt-Dieburg (Landkreis)	Hessen	297844	10820	298	36327	1000	51.9	96.3	
Groß-Gerau (Landkreis)	Hessen	275726	13785	284	49995	1030	36.4	81.8	
Hochtaunuskreis (Landkreis)	Hessen	236914	8165	194	34463	818	28.6	82.1	
Main-Kinzig-Kreis (Landkreis)	Hessen	420552	22022	594	52364	1412	13.1	82.1	
Main-Taunus-Kreis (Landkreis)	Hessen	238558	8804	207	36905	867	24.1	82.8	
Odenwaldkreis (Landkreis)	Hessen	96703	4359	167	45076	1726	15.1	96.8	
Offenbach (Landkreis)	Hessen	355813	17995	529	50574	1486	42.1	100.0	
Rheingau-Taunus-Kreis (Landkreis)	Hessen	187160	7030	163	37561	870	25.0	68.8	
Wetteraukreis (Landkreis)	Hessen	308339	12911	523	41872	1696	4.4	98.5	
Gießen (Landkreis)	Hessen	270688	13604	350	50257	1293	15.4	93.8	
Lahn-Dill-Kreis (Landkreis)	Hessen	253319	12213	211	48211	832	20.8	97.9	
Limburg-Weilburg (Landkreis)	Hessen	171912	9091	277	52881	1611	20.4	83.3	
Marburg-Biedenkopf (Landkreis)	Hessen	247084	10775	276	43608	1117	3.4	98.0	16.8
Vogelsbergkreis (Landkreis)	Hessen	105643	4006	107	37920	1012	16.0	80.0	
Kassel (Kreisfreie Stadt)	Hessen	202137	8217	179	40650	885	17.2	84.7	
Fulda (Landkreis)	Hessen	223145	13178	247	59055	1106	14.0	87.1	
Hersfeld-Rotenburg (Landkreis)	Hessen	120719	5985	168	49577	1391	16.7	76.7	
Kassel (Landkreis)	Hessen	236764	8036	218	33940	920	3.4	75.9	
Schwalm-Eder-Kreis (Landkreis)	Hessen	179673	6577	226	36605	1257	37.9	79.3	
Waldeck-Frankenberg (Landkreis)	Hessen	156406	6113	152	39084	971	8.8	85.0	18.5
Werra-Meißner-Kreis (Landkreis)	Hessen	100629	3576	156	35536	1550	9.4	65.6	
Koblenz (Kreisfreie Stadt)	Rheinland-Pfalz	114052	4425	134	38798	1174	6.2	80.4	
Ahrweiler (Landkreis)	Rheinland-Pfalz	130086	4361	49	33523	376	10.5	78.9	
Altenkirchen (Westerwald) (Landkreis)	Rheinland-Pfalz	128805	4804	98	37296	760	20.0	73.3	
Bad Kreuznach (Landkreis)	Rheinland-Pfalz	158345	5831	139	36824	877	0.0	68.6	
Birkenfeld (Landkreis)	Rheinland-Pfalz	80951	3320	91	41012	1124	0.0	85.0	
Cochem-Zell (Landkreis)	Rheinland-Pfalz	61375	1899	57	30940	928	0.0	46.2	
Mayen-Koblenz (Landkreis)	Rheinland-Pfalz	214434	7144	159	33315	741	18.4	68.4	
Neuwied (Landkreis)	Rheinland-Pfalz	182811	8033	120	43941	656	8.3	75.0	
Rhein-Hunsrück-Kreis (Landkreis)	Rheinland-Pfalz	103163	3665	100	35526	969	8.3	50.0	
Rhein-Lahn-Kreis (Landkreis)	Rheinland-Pfalz	122297	3954	97	32331	793	21.4	89.3	
Westerwaldkreis (Landkreis)	Rheinland-Pfalz	201904	7156	148	35442	733	16.7	70.0	
Trier (Kreisfreie Stadt)	Rheinland-Pfalz	111528	2663	29	23877	260	10.7	84.5	
Bernkastel-Wittlich (Landkreis)	Rheinland-Pfalz	112483	2955	61	26270	542	12.5	70.8	
Eifelkreis Bitburg-Prüm (Landkreis)	Rheinland-Pfalz	99058	3308	30	33394	302	0.0	85.7	
Vulkaneifel (Landkreis)	Rheinland-Pfalz	60646	1995	61	32895	1005	7.7	100.0	
Trier-Saarburg (Landkreis)	Rheinland-Pfalz	149398	4359	94	29177	629	6.2	56.2	
Frankenthal (Pfalz) (Kreisfreie Stadt)	Rheinland-Pfalz	48762	2091	51	42881	1045	7.7	61.5	
Kaiserslautern (Kreisfreie Stadt)	Rheinland-Pfalz	100030	3561	111	35599	1109	9.7	85.8	
Landau in der Pfalz (Kreisfreie Stadt)	Rheinland-Pfalz	46881	1635	35	34875	746	7.1	60.7	
Ludwigshafen am Rhein (Kreisfreie Stadt)	Rheinland-Pfalz	172253	10221	322	59337	1869	10.2	73.7	
Mainz (Kreisfreie Stadt)	Rheinland-Pfalz	218578	9797	202	44821	924	15.7	88.9	
Neustadt an der Weinstraße (Kreisfreie Stadt)	Rheinland-Pfalz	53264	1656	38	31090	713	0.0	53.3	
Pirmasens (Kreisfreie Stadt)	Rheinland-Pfalz	40231	1382	54	34351	1342	6.2	31.2	
Speyer (Kreisfreie Stadt)	Rheinland-Pfalz	50561	2785	83	55081	1641	7.4	92.6	
Worms (Kreisfreie Stadt)	Rheinland-Pfalz	83542	4103	89	49113	1065	15.4	88.5	
Zweibrücken (Kreisfreie Stadt)	Rheinland-Pfalz	34193	772	9	22577	263	0.0	28.6	
Alzey-Worms (Landkreis)	Rheinland-Pfalz	129687	4917	117	37914	902	0.0	85.7	
Bad Dürkheim (Landkreis)	Rheinland-Pfalz	132671	4367	149	32916	1123	20.0	73.3	
Donnersbergkreis (Landkreis)	Rheinland-Pfalz	75325	2526	65	33534	862	16.7	100.0	
Germersheim (Landkreis)	Rheinland-Pfalz	129013	5450	125	42243	968	4.8	71.4	
Kaiserslautern (Landkreis)	Rheinland-Pfalz	105979	3821	75	36054	707	7.1	42.9	
Kusel (Landkreis)	Rheinland-Pfalz	70219	2173	66	30946	939	12.5	100.0	
Südliche Weinstraße (Landkreis)	Rheinland-Pfalz	110521	3633	114	32871	1031	0.0	76.9	
Rhein-Pfalz-Kreis (Landkreis)	Rheinland-Pfalz	154609	6519	224	42164	1448			
Mainz-Bingen (Landkreis)	Rheinland-Pfalz	211417	7272	216	34396	1021	14.3	71.4	
Südwestpfalz (Landkreis)	Rheinland-Pfalz	94831	2630	83	27733	875	11.1	66.7	
Stuttgart (Stadtkreis)	Baden-Württemberg	635911	28839	390	45350	613	16.5	85.0	
Böblingen (Landkreis)	Baden-Württemberg	392807	16554	270	42142	687	20.8	87.5	
Esslingen (Landkreis)	Baden-Württemberg	535024	25667	525	47973	981	27.5	86.2	
Göppingen (Landkreis)	Baden-Württemberg	258145	12297	230	47636	890	18.4	71.4	
Ludwigsburg (Landkreis)	Baden-Württemberg	545423	26027	495	47718	907	36.5	99.0	
Rems-Murr-Kreis (Landkreis)	Baden-Württemberg	427248	19641	348	45970	814	34.4	91.8	
Heilbronn (Stadtkreis)	Baden-Württemberg	126592	8475	130	66947	1026	26.2	83.6	
Heilbronn (Landkreis)	Baden-Württemberg	344456	15792	198	45846	574	10.9	95.7	
Hohenlohekreis (Landkreis)	Baden-Württemberg	112655	5555	112	49309	994	28.6	100.0	
Schwäbisch Hall (Landkreis)	Baden-Württemberg	196761	11189	247	56865	1255	18.8	72.9	
Main-Tauber-Kreis (Landkreis)	Baden-Württemberg	132399	4960	87	37462	657	8.1	74.2	
Heidenheim (Landkreis)	Baden-Württemberg	132777	5858	152	44119	1144	37.5	79.2	
Ostalbkreis (Landkreis)	Baden-Württemberg	314025	15111	385	48120	1226	12.3	72.6	
Baden-Baden (Stadtkreis)	Baden-Württemberg	55185	2030	61	36785	1105	18.2	90.9	
Karlsruhe (Stadtkreis)	Baden-Württemberg	312060	10569	198	33868	634	14.8	91.9	
Karlsruhe (Landkreis)	Baden-Württemberg	445101	18148	452	40772	1015	16.0	92.0	
Rastatt (Landkreis)	Baden-Württemberg	231420	9740	189	42087	816	0.0	100.0	
Heidelberg (Stadtkreis)	Baden-Württemberg	161485	5040	59	31210	365	11.1	89.7	
Mannheim (Stadtkreis)	Baden-Württemberg	310658	16025	296	51584	952	22.3	92.3	
Neckar-Odenwald-Kreis (Landkreis)	Baden-Württemberg	143633	6214	137	43263	953	14.3	76.2	
Rhein-Neckar-Kreis (Landkreis)	Baden-Württemberg	548355	22109	402	40318	733	13.9	94.4	
Pforzheim (Stadtkreis)	Baden-Württemberg	125957	7443	180	59091	1429	20.3	81.2	
Calw (Landkreis)	Baden-Württemberg	159201	8060	180	50627	1130	17.9	75.0	
Enzkreis (Landkreis)	Baden-Württemberg	199556	9398	239	47094	1197	16.7	100.0	
Freudenstadt (Landkreis)	Baden-Württemberg	118243	5193	154	43918	1302	28.6	78.6	
Freiburg im Breisgau (Stadtkreis)	Baden-Württemberg	231195	7328	154	31696	666	11.6	79.5	
Breisgau-Hochschwarzwald (Landkreis)	Baden-Württemberg	263601	8320	180	31562	682	3.3	90.0	32.4
Emmendingen (Landkreis)	Baden-Württemberg	166408	6082	157	36548	943	6.7	95.6	
Ortenaukreis (Landkreis)	Baden-Württemberg	430953	18738	557	43480	1292	8.1	80.2	
Rottweil (Landkreis)	Baden-Württemberg	139878	7481	158	53482	1129	55.6	88.9	
Schwarzwald-Baar-Kreis (Landkreis)	Baden-Württemberg	212506	9588	201	45118	945	28.3	85.0	
Tuttlingen (Landkreis)	Baden-Württemberg	140766	7337	141	52121	1001	25.0	43.8	
Konstanz (Landkreis)	Baden-Württemberg	286305	11277	291	39388	1016	6.7	78.7	
Lörrach (Landkreis)	Baden-Württemberg	228736	9690	286	42363	1250	10.0	96.7	
Waldshut (Landkreis)	Baden-Württemberg	171003	7314	207	42771	1210	40.0	80.0	
Reutlingen (Landkreis)	Baden-Württemberg	287034	13354	261	46524	909	18.2	63.6	
Tübingen (Landkreis)	Baden-Württemberg	228678	9160	174	40056	760	19.8	96.2	
Zollernalbkreis (Landkreis)	Baden-Württemberg	189363	8950	166	47263	876	34.6	84.6	
Ulm (Stadtkreis)	Baden-Württemberg	126790	5708	80	45019	630	21.4	79.4	
Alb-Donau-Kreis (Landkreis)	Baden-Württemberg	197076	8567	178	43470	903	22.2	61.1	
Biberach (Landkreis)	Baden-Württemberg	201282	8485	169	42154	839	60.0	100.0	
Bodenseekreis (Landkreis)	Baden-Württemberg	217470	7585	152	34878	698	10.6	83.3	
Ravensburg (Landkreis)	Baden-Württemberg	285424	10668	132	37375	462	22.9	72.9	
Sigmaringen (Landkreis)	Baden-Württemberg	130849	5437	81	41551	619	50.0	100.0	
Ingolstadt (Kreisfreie Stadt)	Bayern	137392	5963	105	43401	764	18.8	85.4	
München (Kreisfreie Stadt)	Bayern	1484226	71904	1232	48445	830	12.7	92.1	
Rosenheim (Kreisfreie Stadt)	Bayern	63551	3870	60	60895	944	22.2	86.7	
Altötting (Landkreis)	Bayern	111516	5963	208	53472	1865	23.1	92.3	
Berchtesgadener Land (Landkreis)	Bayern	105929	5828	99	55017	934	18.2	95.5	
Bad Tölz-Wolfratshausen (Landkreis)	Bayern	127917	4974	78	38884	609	12.5	95.8	
Dachau (Landkreis)	Bayern	154899	8135	139	52518	897	14.8	96.3	
Ebersberg (Landkreis)	Bayern	143649	6268	176	43634	1225	22.2	94.4	
Eichstätt (Landkreis)	Bayern	132881	4975	82	37439	617	5.7	92.5	
Erding (Landkreis)	Bayern	138182	6860	116	49644	839	5.3	84.2	
Freising (Landkreis)	Bayern	180007	8030	127	44609	705	21.4	92.9	
Fürstenfeldbruck (Landkreis)	Bayern	219311	9566	137	43618	624	41.7	91.7	
Garmisch-Partenkirchen (Landkreis)	Bayern	88424	3524	87	39853	983	7.1	88.6	
Landsberg am Lech (Landkreis)	Bayern	120302	4033	67	33523	556	15.4	69.2	
Miesbach (Landkreis)	Bayern	100010	4464	81	44635	809	4.2	79.2	
Mühldorf a. Inn (Landkreis)	Bayern	115872	6902	153	59565	1320	8.3	100.0	
München (Landkreis)	Bayern	350473	15163	288	43264	821	0.0	90.0	
Neuburg-Schrobenhausen (Landkreis)	Bayern	97303	4078	74	41910	760	2.9	73.5	
Pfaffenhofen a.d. Ilm (Landkreis)	Bayern	128227	5576	158	43485	1232	25.0	87.5	
Rosenheim (Landkreis)	Bayern	261330	13672	451	52316	1725	18.8	89.1	
Starnberg (Landkreis)	Bayern	136667	5047	112	36929	819	6.4	83.0	
Traunstein (Landkreis)	Bayern	177319	10863	214	61262	1206	13.0	92.6	
Weilheim-Schongau (Landkreis)	Bayern	135478	4941	77	36470	568	8.3	54.2	
Landshut (Kreisfreie Stadt)	Bayern	73411	4009	108	54610	1471	20.3	92.2	
Passau (Kreisfreie Stadt)	Bayern	52803	3378	112	63973	2121	17.0	74.5	
Straubing (Kreisfreie Stadt)	Bayern	47791	2358	85	49339	1778	6.9	79.3	
Deggendorf (Landkreis)	Bayern	119478	6885	149	57625	1247	25.0	86.1	
Freyung-Grafenau (Landkreis)	Bayern	78362	4865	126	62083	1607	16.7	55.6	
Kelheim (Landkreis)	Bayern	123058	5855	106	47579	861	11.1	44.4	
Landshut (Landkreis)	Bayern	159895	7901	169	49413	1056	0.0	83.3	
Passau (Landkreis)	Bayern	192656	12847	362	66683	1878	14.8	77.8	
Regen (Landkreis)	Bayern	77410	5486	160	70869	2066	23.1	84.6	
Rottal-Inn (Landkreis)	Bayern	121502	7398	177	60887	1456	50.0	100.0	
Straubing-Bogen (Landkreis)	Bayern	101120	5303	140	52442	1384	30.0	90.0	
Dingolfing-Landau (Landkreis)	Bayern	96683	5669	93	58634	961	4.5	72.7	
Amberg (Kreisfreie Stadt)	Bayern	42207	1721	23	40775	544	11.6	62.8	
Regensburg (Kreisfreie Stadt)	Bayern	153094	6845	81	44711	529	20.4	87.2	
Weiden i.d. OPf. (Kreisfreie Stadt)	Bayern	42743	2689	74	62910	1731	12.7	87.3	
Amberg-Sulzbach (Landkreis)	Bayern	103049	4780	157	46385	1523	0.0	80.0	
Cham (Landkreis)	Bayern	127998	7087	180	55368	1406	14.3	71.4	
Neumarkt i.d. OPf. (Landkreis)	Bayern	134573	6378	123	47394	914	36.4	86.4	
Neustadt a.d. Waldnaab (Landkreis)	Bayern	94450	5203	164	55087	1736			
Regensburg (Landkreis)	Bayern	194070	8071	188	41588	968	7.1	100.0	
Schwandorf (Landkreis)	Bayern	147872	8302	155	56143	1048	19.0	81.0	
Tirschenreuth (Landkreis)	Bayern	72046	5309	266	73689	3692	11.1	66.7	
Bamberg (Kreisfreie Stadt)	Bayern	77373	3019	106	39018	1369	7.5	88.7	
Bayreuth (Kreisfreie Stadt)	Bayern	74783	3449	108	46120	1444	11.9	84.7	
Coburg (Kreisfreie Stadt)	Bayern	41072	2344	90	57070	2191	16.2	81.1	
Hof (Kreisfreie Stadt)	Bayern	45825	3924	115	85630	2509	12.1	54.5	
Bamberg (Landkreis)	Bayern	147163	5431	139	36904	944	12.5	43.8	
Bayreuth (Landkreis)	Bayern	103664	4902	159	47287	1533	0.0	57.1	
Coburg (Landkreis)	Bayern	86747	4745	159	54699	1832			
Forchheim (Landkreis)	Bayern	116203	4688	113	40343	972	0.0	78.6	
Hof (Landkreis)	Bayern	94801	6296	152	66412	1603	0.0	70.6	
Kronach (Landkreis)	Bayern	66743	4088	93	61249	1393	14.3	85.7	
Kulmbach (Landkreis)	Bayern	71566	4052	116	56619	1620	11.1	81.5	
Lichtenfels (Landkreis)	Bayern	66776	3482	82	52144	1227	6.7	84.4	
Wunsiedel i. Fichtelgebirge (Landkreis)	Bayern	72655	4998	197	68790	2711	0.0	50.0	
Ansbach (Kreisfreie Stadt)	Bayern	41798	1791	44	42848	1052	8.0	88.0	
Erlangen (Kreisfreie Stadt)	Bayern	112528	3903	93	34684	826	15.7	87.9	
Fürth (Kreisfreie Stadt)	Bayern	128497	7531	215	58608	1673	10.4	91.7	
Nürnberg (Kreisfreie Stadt)	Bayern	518370	33627	938	64870	1809	16.5	83.0	
Schwabach (Kreisfreie Stadt)	Bayern	40981	2115	104	51609	2537	50.0	100.0	
Ansbach (Landkreis)	Bayern	184591	8176	175	44292	948	13.0	82.6	
Erlangen-Höchstadt (Landkreis)	Bayern	137262	5276	128	38437	932	25.0	75.0	
Fürth (Landkreis)	Bayern	117853	5239	206	44453	1747			
Nürnberger Land (Landkreis)	Bayern	170792	7266	175	42542	1024	42.9	95.2	
Neustadt a.d. Aisch-Bad Windsheim (Landkreis)	Bayern	101014	4332	106	42885	1049	6.2	87.5	
Roth (Landkreis)	Bayern	126749	5620	171	44339	1349	16.7	66.7	
Weißenburg-Gunzenhausen (Landkreis)	Bayern	94734	3868	114	40830	1203	18.8	87.5	
Aschaffenburg (Kreisfreie Stadt)	Bayern	71002	3361	111	47336	1563	16.0	94.0	
Schweinfurt (Kreisfreie Stadt)	Bayern	53426	3002	83	56189	1553	14.5	92.8	
Würzburg (Kreisfreie Stadt)	Bayern	127934	4408	117	34455	914	6.0	87.3	
Aschaffenburg (Landkreis)	Bayern	174200	7907	208	45390	1194	14.3	85.7	
Bad Kissingen (Landkreis)	Bayern	103235	3580	101	34678	978	2.3	95.3	
Rhön-Grabfeld (Landkreis)	Bayern	79635	3490	86	43824	1079	16.3	87.9	
Haßberge (Landkreis)	Bayern	84384	3996	86	47354	1019	20.0	100.0	
Kitzingen (Landkreis)	Bayern	91155	3138	85	34424	932	28.6	100.0	
Miltenberg (Landkreis)	Bayern	128743	5849	127	45431	986	11.1	100.0	
Main-Spessart (Landkreis)	Bayern	126158	4644	212	36810	1680	25.0	100.0	
Schweinfurt (Landkreis)	Bayern	115445	4999	130	43302	1126	0.0	16.7	
Würzburg (Landkreis)	Bayern	162302	4328	71	26666	437	0.0	70.0	
Augsburg (Kreisfreie Stadt)	Bayern	296582	17530	395	59106	1331	11.5	73.6	
Kaufbeuren (Kreisfreie Stadt)	Bayern	44398	2335	54	52592	1216	28.6	100.0	
Kempten (Allgäu) (Kreisfreie Stadt)	Bayern	69151	3184	46	46044	665	13.0	84.8	
Memmingen (Kreisfreie Stadt)	Bayern	44100	2173	24	49274	544	23.1	92.3	10.4
Aichach-Friedberg (Landkreis)	Bayern	134655	5133	96	38119	712	10.5	100.0	
Augsburg (Landkreis)	Bayern	253468	11221	217	44269	856	22.2	88.9	
Dillingen a.d. Donau (Landkreis)	Bayern	96562	3646	111	37758	1149	38.5	84.6	49.7
Günzburg (Landkreis)	Bayern	127027	6609	107	52028	842	15.6	88.9	
Neu-Ulm (Landkreis)	Bayern	175204	7375	115	42093	656	16.7	72.2	
Lindau (Bodensee) (Landkreis)	Bayern	81981	3297	62	40216	756	0.0	66.7	
Ostallgäu (Landkreis)	Bayern	141182	7033	126	49815	892	17.6	64.7	
Unterallgäu (Landkreis)	Bayern	145341	6999	148	48155	1018	14.3	78.6	
Donau-Ries (Landkreis)	Bayern	133783	5776	159	43174	1188	11.5	88.5	
Oberallgäu (Landkreis)	Bayern	156008	5768	84	36972	538	25.0	75.0	40.8
